state,tax_rate,ftds,ggr_per_ftd,ngr_per_ftd,tax_per_ftd,contribution_per_ftd,ltv_to_cac,breakeven_ngr_per_ftd
NY,0.51,7330,1250.0,905.0,461.0,364.0,1.13,819.0
PA,0.36,4345,1287.0,940.0,338.0,522.0,1.62,628.0
IL,0.25,4401,1251.0,905.0,226.0,599.0,1.85,538.0
OH,0.2,3628,1373.0,1004.0,201.0,716.0,2.21,515.0
MA,0.2,2881,1180.0,842.0,168.0,597.0,1.84,503.0
NJ,0.1975,4383,1273.0,922.0,182.0,659.0,2.03,505.0
AZ,0.1,2949,1285.0,938.0,94.0,765.0,2.38,445.0
CO,0.1,3647,1078.0,759.0,76.0,613.0,1.89,438.0
MI,0.084,2893,1216.0,871.0,73.0,718.0,2.24,437.0
